id;username;full_name;sortable_name;avatar_image_url;phone;locale;gender;user_type;user_status
1;raw whistle;for dividend;rostrum fooey;fatally;340-942-8641 x641;wearily dicker anchor;excitable that;STUDENT;BLOCKED
2;past offensively;elderly descriptive busily;assist;provided;1-654-428-3300 x2660;singular bad;hmph to;TEACHER;PENDING
3;whenever sweetly;fortunately carry mockingly;affair;arc plagiarise;1-514-251-0022 x62708;return cooking;foment rigidly;STUDENT;PENDING
4;gosh;hmph normal;upwardly to yippee;afore except;(209) 896-4690 x4397;aboard;sculpture wildly knavishly;STUDENT;PENDING
5;apud before atop;hmph and;zowie;recoup;1-566-780-7825 x00561;as;why;STUDENT;ACTIVE
6;not;distorted pace;french;in;1-537-227-2167 x4969;notwithstanding;whoever requite;STUDENT;BLOCKED
7;badly;royal crane raise;less upon;gosh;212-552-0644;amid;yahoo yowza;TEACHER;BLOCKED
8;jubilantly pish swimming;er;hence;what;307-985-7903 x23562;nervously underneath incidentally;excluding year;STUDENT;BLOCKED
9;happy-go-lucky huzzah;bunch;tenderly rev wild;duh sunbonnet;703.289.6602;sneer oh likewise;though uselessly tensely;TEACHER;BLOCKED
10;fooey;gadzooks;while;slushy why;788-680-3736 x533;until furnish only;wherever anguished besides;STUDENT;PENDING
