id;title;content;attachment_id;delay_post;post_at;published
1;hence forenenst;the why cage;13504;false;2024-05-20T02:26:08;true
2;bustle pish buckle;um stool;11207;false;2024-05-19T17:31:52;true
3;bah;likewise cube boo;24987;true;2024-05-20T03:57:57;false
4;speedy meh but;orderly overlooked;9029;true;2024-05-19T13:55:22;true
5;excluding;peel at ugh;5822;true;2024-05-20T00:29:42;true
6;install a;carnation or since;10574;false;2024-05-19T21:24:56;true
7;arrogantly regarding;discomfort;31060;true;2024-05-19T18:32:40;true
8;hence lambast;by;11924;true;2024-05-20T03:29:12;true
9;beyond;badger calcify consequently;58;false;2024-05-20T02:54:43;false
10;amid utilized;absolve;1321;false;2024-05-19T19:25:24;false
